{
  "project_info": {
    "project_number": "794864141277",
    "project_id": "furni-1dc7b",
    "storage_bucket": "furni-1dc7b.appspot.com"
  },
  "client": [
    {
      "client_info": {
        "mobilesdk_app_id": "1:794864141277:android:ca3eb961a84c9c71e3ac34",
        "android_client_info": {
          "package_name": "com.example.furni"
        }
      },
      "oauth_client": [],
      "api_key": [
        {
          "current_key": "AIzaSyBQC8IRB61AfonyG5FsTRZWqAu6ShPVlRU"
        }
      ],
      "services": {
        "appinvite_service": {
          "other_platform_oauth_client": []
        }
      }
    }
  ],
  "configuration_version": "1"
}